[{"suitName":"Testing_Book Flight Component","failTest":[],"totalNoOfTestCases":4,"noOfTestCasesPassed":4,"noOfTestCasesFailed":0},{"suitName":"Testing_App","failTest":["AppRouting: Configuration of required routes"],"totalNoOfTestCases":2,"noOfTestCasesPassed":1,"noOfTestCasesFailed":1},{"suitName":"UpdateBookingComponent","failTest":[],"totalNoOfTestCases":1,"noOfTestCasesPassed":1,"noOfTestCasesFailed":0},{"suitName":"UpdateBookingService","failTest":[],"totalNoOfTestCases":1,"noOfTestCasesPassed":1,"noOfTestCasesFailed":0}]