{"numFailedTestSuites":1,"numFailedTests":10,"numPassedTestSuites":0,"numPassedTests":9,"numPendingTestSuites":0,"numPendingTests":0,"numRuntimeErrorTestSuites":0,"numTodoTests":0,"numTotalTestSuites":1,"numTotalTests":19,"openHandles":[],"snapshot":{"added":0,"didUpdate":false,"failure":false,"filesAdded":0,"filesRemoved":0,"filesRemovedList":[],"filesUnmatched":0,"filesUpdated":0,"matched":0,"total":0,"unchecked":0,"uncheckedKeysByFile":[],"unmatched":0,"updated":0},"startTime":1569579263574,"success":false,"testResults":[{"assertionResults":[{"ancestorTitles":["Create Booking"],"failureMessages":[],"fullName":"Create Booking CBJT1 - CreateBooking component has a form","location":null,"status":"passed","title":"CBJT1 - CreateBooking component has a form"},{"ancestorTitles":["Create Booking"],"failureMessages":[],"fullName":"Create Booking CBJT2 - CreateBooking component has 6 inputs (1 email, 1 number, 3 radio & 1 checkbox )","location":null,"status":"passed","title":"CBJT2 - CreateBooking component has 6 inputs (1 email, 1 number, 3 radio & 1 checkbox )"},{"ancestorTitles":["Create Booking"],"failureMessages":[],"fullName":"Create Booking CBJT3 - CreateBooking component has a button of type submit and name book","location":null,"status":"passed","title":"CBJT3 - CreateBooking component has a button of type submit and name book"},{"ancestorTitles":["Create Booking"],"failureMessages":[],"fullName":"Create Booking CBJT4 - Name prop of all the input fields is proper in CreateBooking component","location":null,"status":"passed","title":"CBJT4 - Name prop of all the input fields is proper in CreateBooking component"},{"ancestorTitles":["Create Booking"],"failureMessages":["Error: expect(received).toEqual(expected) // deep equality\n\nExpected: 2\nReceived: 0\n    at Object.test (C:\\Users\\anandita.wairya\\Desktop\\react exam\\PixeledArt-toTrainee\\pixeled-art-ui\\src\\App.test.js:42:429)\n    at Object.asyncJestTest (C:\\Users\\anandita.wairya\\Desktop\\react exam\\PixeledArt-toTrainee\\pixeled-art-ui\\node_modules\\jest-jasmine2\\build\\jasmineAsyncInstall.js:102:37)\n    at resolve (C:\\Users\\anandita.wairya\\Desktop\\react exam\\PixeledArt-toTrainee\\pixeled-art-ui\\node_modules\\jest-jasmine2\\build\\queueRunner.js:43:12)\n    at new Promise (<anonymous>)\n    at mapper (C:\\Users\\anandita.wairya\\Desktop\\react exam\\PixeledArt-toTrainee\\pixeled-art-ui\\node_modules\\jest-jasmine2\\build\\queueRunner.js:26:19)\n    at promise.then (C:\\Users\\anandita.wairya\\Desktop\\react exam\\PixeledArt-toTrainee\\pixeled-art-ui\\node_modules\\jest-jasmine2\\build\\queueRunner.js:73:41)"],"fullName":"Create Booking CBJT5 - tags for error message of respective fields in CreateBooking component have appropriate name","location":null,"status":"failed","title":"CBJT5 - tags for error message of respective fields in CreateBooking component have appropriate name"},{"ancestorTitles":["Create Booking"],"failureMessages":["Error: expect(received).toEqual(expected) // deep equality\n\nExpected: 2\nReceived: 0\n    at Object.test (C:\\Users\\anandita.wairya\\Desktop\\react exam\\PixeledArt-toTrainee\\pixeled-art-ui\\src\\App.test.js:47:406)\n    at Object.asyncJestTest (C:\\Users\\anandita.wairya\\Desktop\\react exam\\PixeledArt-toTrainee\\pixeled-art-ui\\node_modules\\jest-jasmine2\\build\\jasmineAsyncInstall.js:102:37)\n    at resolve (C:\\Users\\anandita.wairya\\Desktop\\react exam\\PixeledArt-toTrainee\\pixeled-art-ui\\node_modules\\jest-jasmine2\\build\\queueRunner.js:43:12)\n    at new Promise (<anonymous>)\n    at mapper (C:\\Users\\anandita.wairya\\Desktop\\react exam\\PixeledArt-toTrainee\\pixeled-art-ui\\node_modules\\jest-jasmine2\\build\\queueRunner.js:26:19)\n    at promise.then (C:\\Users\\anandita.wairya\\Desktop\\react exam\\PixeledArt-toTrainee\\pixeled-art-ui\\node_modules\\jest-jasmine2\\build\\queueRunner.js:73:41)"],"fullName":"Create Booking CBJT6 - tags for form level error and success messages in CreateBooking component have appropriate Name","location":null,"status":"failed","title":"CBJT6 - tags for form level error and success messages in CreateBooking component have appropriate Name"},{"ancestorTitles":["Create Booking"],"failureMessages":[],"fullName":"Create Booking CBJT7 - email and noOfTickets fields have formcontrol class","location":null,"status":"passed","title":"CBJT7 - email and noOfTickets fields have formcontrol class"},{"ancestorTitles":["Create Booking"],"failureMessages":[],"fullName":"Create Booking CBJT8 - eventTime and meals fields have appropriate bootstrap class","location":null,"status":"passed","title":"CBJT8 - eventTime and meals fields have appropriate bootstrap class"},{"ancestorTitles":["Create Booking"],"failureMessages":[],"fullName":"Create Booking CBJT9 - any of validateField(), handleChange() or submitBooking() method returns a value, it should not","location":null,"status":"passed","title":"CBJT9 - any of validateField(), handleChange() or submitBooking() method returns a value, it should not"},{"ancestorTitles":["Create Booking"],"failureMessages":["Error: Method “simulate” is meant to be run on 1 node. 0 found instead.\n    at ShallowWrapper.single (C:\\Users\\anandita.wairya\\Desktop\\react exam\\PixeledArt-toTrainee\\pixeled-art-ui\\node_modules\\enzyme\\src\\ShallowWrapper.js:1636:13)\n    at ShallowWrapper.single [as simulate] (C:\\Users\\anandita.wairya\\Desktop\\react exam\\PixeledArt-toTrainee\\pixeled-art-ui\\node_modules\\enzyme\\src\\ShallowWrapper.js:1118:17)\n    at Object.test (C:\\Users\\anandita.wairya\\Desktop\\react exam\\PixeledArt-toTrainee\\pixeled-art-ui\\src\\App.test.js:67:230)\n    at Object.asyncJestTest (C:\\Users\\anandita.wairya\\Desktop\\react exam\\PixeledArt-toTrainee\\pixeled-art-ui\\node_modules\\jest-jasmine2\\build\\jasmineAsyncInstall.js:102:37)\n    at resolve (C:\\Users\\anandita.wairya\\Desktop\\react exam\\PixeledArt-toTrainee\\pixeled-art-ui\\node_modules\\jest-jasmine2\\build\\queueRunner.js:43:12)\n    at new Promise (<anonymous>)\n    at mapper (C:\\Users\\anandita.wairya\\Desktop\\react exam\\PixeledArt-toTrainee\\pixeled-art-ui\\node_modules\\jest-jasmine2\\build\\queueRunner.js:26:19)\n    at promise.then (C:\\Users\\anandita.wairya\\Desktop\\react exam\\PixeledArt-toTrainee\\pixeled-art-ui\\node_modules\\jest-jasmine2\\build\\queueRunner.js:73:41)"],"fullName":"Create Booking CBJT10 - Event component loads on click of Back button","location":null,"status":"failed","title":"CBJT10 - Event component loads on click of Back button"},{"ancestorTitles":["Events"],"failureMessages":["Error: expect(received).toHaveLength(expected)\n\nExpected length: 1\nReceived length: 0\nReceived object: {}\n    at Object.test (C:\\Users\\anandita.wairya\\Desktop\\react exam\\PixeledArt-toTrainee\\pixeled-art-ui\\src\\App.test.js:76:324)\n    at Object.asyncJestTest (C:\\Users\\anandita.wairya\\Desktop\\react exam\\PixeledArt-toTrainee\\pixeled-art-ui\\node_modules\\jest-jasmine2\\build\\jasmineAsyncInstall.js:102:37)\n    at resolve (C:\\Users\\anandita.wairya\\Desktop\\react exam\\PixeledArt-toTrainee\\pixeled-art-ui\\node_modules\\jest-jasmine2\\build\\queueRunner.js:43:12)\n    at new Promise (<anonymous>)\n    at mapper (C:\\Users\\anandita.wairya\\Desktop\\react exam\\PixeledArt-toTrainee\\pixeled-art-ui\\node_modules\\jest-jasmine2\\build\\queueRunner.js:26:19)\n    at promise.then (C:\\Users\\anandita.wairya\\Desktop\\react exam\\PixeledArt-toTrainee\\pixeled-art-ui\\node_modules\\jest-jasmine2\\build\\queueRunner.js:73:41)"],"fullName":"Events ET1 - Event component has 3 cards with proper id","location":null,"status":"failed","title":"ET1 - Event component has 3 cards with proper id"},{"ancestorTitles":["Events"],"failureMessages":[],"fullName":"Events ET2 - any of fetchEventDetails() or book() method returns a value, it should not","location":null,"status":"passed","title":"ET2 - any of fetchEventDetails() or book() method returns a value, it should not"},{"ancestorTitles":["Events"],"failureMessages":["Error: Method “simulate” is meant to be run on 1 node. 0 found instead.\n    at ShallowWrapper.single (C:\\Users\\anandita.wairya\\Desktop\\react exam\\PixeledArt-toTrainee\\pixeled-art-ui\\node_modules\\enzyme\\src\\ShallowWrapper.js:1636:13)\n    at ShallowWrapper.single [as simulate] (C:\\Users\\anandita.wairya\\Desktop\\react exam\\PixeledArt-toTrainee\\pixeled-art-ui\\node_modules\\enzyme\\src\\ShallowWrapper.js:1118:17)\n    at Object.test (C:\\Users\\anandita.wairya\\Desktop\\react exam\\PixeledArt-toTrainee\\pixeled-art-ui\\src\\App.test.js:86:341)\n    at Object.asyncJestTest (C:\\Users\\anandita.wairya\\Desktop\\react exam\\PixeledArt-toTrainee\\pixeled-art-ui\\node_modules\\jest-jasmine2\\build\\jasmineAsyncInstall.js:102:37)\n    at resolve (C:\\Users\\anandita.wairya\\Desktop\\react exam\\PixeledArt-toTrainee\\pixeled-art-ui\\node_modules\\jest-jasmine2\\build\\queueRunner.js:43:12)\n    at new Promise (<anonymous>)\n    at mapper (C:\\Users\\anandita.wairya\\Desktop\\react exam\\PixeledArt-toTrainee\\pixeled-art-ui\\node_modules\\jest-jasmine2\\build\\queueRunner.js:26:19)\n    at promise.then (C:\\Users\\anandita.wairya\\Desktop\\react exam\\PixeledArt-toTrainee\\pixeled-art-ui\\node_modules\\jest-jasmine2\\build\\queueRunner.js:73:41)"],"fullName":"Events ET3 - CreateBooking component loads on click of Book button of an Event","location":null,"status":"failed","title":"ET3 - CreateBooking component loads on click of Book button of an Event"},{"ancestorTitles":["View Booking"],"failureMessages":["Error: expect(received).toHaveLength(expected)\n\nExpected length: 1\nReceived length: 0\nReceived object: {}\n    at Object.test (C:\\Users\\anandita.wairya\\Desktop\\react exam\\PixeledArt-toTrainee\\pixeled-art-ui\\src\\App.test.js:95:291)\n    at Object.asyncJestTest (C:\\Users\\anandita.wairya\\Desktop\\react exam\\PixeledArt-toTrainee\\pixeled-art-ui\\node_modules\\jest-jasmine2\\build\\jasmineAsyncInstall.js:102:37)\n    at resolve (C:\\Users\\anandita.wairya\\Desktop\\react exam\\PixeledArt-toTrainee\\pixeled-art-ui\\node_modules\\jest-jasmine2\\build\\queueRunner.js:43:12)\n    at new Promise (<anonymous>)\n    at mapper (C:\\Users\\anandita.wairya\\Desktop\\react exam\\PixeledArt-toTrainee\\pixeled-art-ui\\node_modules\\jest-jasmine2\\build\\queueRunner.js:26:19)\n    at promise.then (C:\\Users\\anandita.wairya\\Desktop\\react exam\\PixeledArt-toTrainee\\pixeled-art-ui\\node_modules\\jest-jasmine2\\build\\queueRunner.js:73:41)"],"fullName":"View Booking VBJT1 - View Booking component form has one input(emailId) and 1 button(viewBookings)","location":null,"status":"failed","title":"VBJT1 - View Booking component form has one input(emailId) and 1 button(viewBookings)"},{"ancestorTitles":["View Booking"],"failureMessages":[],"fullName":"View Booking VBJT2 - Bookings should not be displayed on load of ViewBooking component","location":null,"status":"passed","title":"VBJT2 - Bookings should not be displayed on load of ViewBooking component"},{"ancestorTitles":["View Booking"],"failureMessages":["Error: expect(received).toHaveLength(expected)\n\nExpected length: 1\nReceived length: 0\nReceived object: {}\n    at Object.test (C:\\Users\\anandita.wairya\\Desktop\\react exam\\PixeledArt-toTrainee\\pixeled-art-ui\\src\\App.test.js:105:488)\n    at Object.asyncJestTest (C:\\Users\\anandita.wairya\\Desktop\\react exam\\PixeledArt-toTrainee\\pixeled-art-ui\\node_modules\\jest-jasmine2\\build\\jasmineAsyncInstall.js:102:37)\n    at resolve (C:\\Users\\anandita.wairya\\Desktop\\react exam\\PixeledArt-toTrainee\\pixeled-art-ui\\node_modules\\jest-jasmine2\\build\\queueRunner.js:43:12)\n    at new Promise (<anonymous>)\n    at mapper (C:\\Users\\anandita.wairya\\Desktop\\react exam\\PixeledArt-toTrainee\\pixeled-art-ui\\node_modules\\jest-jasmine2\\build\\queueRunner.js:26:19)\n    at promise.then (C:\\Users\\anandita.wairya\\Desktop\\react exam\\PixeledArt-toTrainee\\pixeled-art-ui\\node_modules\\jest-jasmine2\\build\\queueRunner.js:73:41)"],"fullName":"View Booking VBJT3 - Bookings is displayed (with proper id) on View form submission, form should not be be displayed","location":null,"status":"failed","title":"VBJT3 - Bookings is displayed (with proper id) on View form submission, form should not be be displayed"},{"ancestorTitles":["View Booking"],"failureMessages":["Error: expect(received).toHaveLength(expected)\n\nExpected length: 1\nReceived length: 0\nReceived object: {}\n    at Object.test (C:\\Users\\anandita.wairya\\Desktop\\react exam\\PixeledArt-toTrainee\\pixeled-art-ui\\src\\App.test.js:110:493)\n    at Object.asyncJestTest (C:\\Users\\anandita.wairya\\Desktop\\react exam\\PixeledArt-toTrainee\\pixeled-art-ui\\node_modules\\jest-jasmine2\\build\\jasmineAsyncInstall.js:102:37)\n    at resolve (C:\\Users\\anandita.wairya\\Desktop\\react exam\\PixeledArt-toTrainee\\pixeled-art-ui\\node_modules\\jest-jasmine2\\build\\queueRunner.js:43:12)\n    at new Promise (<anonymous>)\n    at mapper (C:\\Users\\anandita.wairya\\Desktop\\react exam\\PixeledArt-toTrainee\\pixeled-art-ui\\node_modules\\jest-jasmine2\\build\\queueRunner.js:26:19)\n    at promise.then (C:\\Users\\anandita.wairya\\Desktop\\react exam\\PixeledArt-toTrainee\\pixeled-art-ui\\node_modules\\jest-jasmine2\\build\\queueRunner.js:73:41)"],"fullName":"View Booking VBJT4 - Close button displayed with the bookings should have name as close","location":null,"status":"failed","title":"VBJT4 - Close button displayed with the bookings should have name as close"},{"ancestorTitles":["View Booking"],"failureMessages":["Error: expect(received).toHaveLength(expected)\n\nExpected length: 2\nReceived length: 0\nReceived object: {}\n    at Object.test (C:\\Users\\anandita.wairya\\Desktop\\react exam\\PixeledArt-toTrainee\\pixeled-art-ui\\src\\App.test.js:115:517)\n    at Object.asyncJestTest (C:\\Users\\anandita.wairya\\Desktop\\react exam\\PixeledArt-toTrainee\\pixeled-art-ui\\node_modules\\jest-jasmine2\\build\\jasmineAsyncInstall.js:102:37)\n    at resolve (C:\\Users\\anandita.wairya\\Desktop\\react exam\\PixeledArt-toTrainee\\pixeled-art-ui\\node_modules\\jest-jasmine2\\build\\queueRunner.js:43:12)\n    at new Promise (<anonymous>)\n    at mapper (C:\\Users\\anandita.wairya\\Desktop\\react exam\\PixeledArt-toTrainee\\pixeled-art-ui\\node_modules\\jest-jasmine2\\build\\queueRunner.js:26:19)\n    at promise.then (C:\\Users\\anandita.wairya\\Desktop\\react exam\\PixeledArt-toTrainee\\pixeled-art-ui\\node_modules\\jest-jasmine2\\build\\queueRunner.js:73:41)"],"fullName":"View Booking VBJT5 - View Details buttons displayed with the bookings should have name as viewDetails","location":null,"status":"failed","title":"VBJT5 - View Details buttons displayed with the bookings should have name as viewDetails"},{"ancestorTitles":["View Booking"],"failureMessages":["Error: Method “simulate” is meant to be run on 1 node. 0 found instead.\n    at ShallowWrapper.single (C:\\Users\\anandita.wairya\\Desktop\\react exam\\PixeledArt-toTrainee\\pixeled-art-ui\\node_modules\\enzyme\\src\\ShallowWrapper.js:1636:13)\n    at ShallowWrapper.single [as simulate] (C:\\Users\\anandita.wairya\\Desktop\\react exam\\PixeledArt-toTrainee\\pixeled-art-ui\\node_modules\\enzyme\\src\\ShallowWrapper.js:1118:17)\n    at Object.test (C:\\Users\\anandita.wairya\\Desktop\\react exam\\PixeledArt-toTrainee\\pixeled-art-ui\\src\\App.test.js:120:694)\n    at Object.asyncJestTest (C:\\Users\\anandita.wairya\\Desktop\\react exam\\PixeledArt-toTrainee\\pixeled-art-ui\\node_modules\\jest-jasmine2\\build\\jasmineAsyncInstall.js:102:37)\n    at resolve (C:\\Users\\anandita.wairya\\Desktop\\react exam\\PixeledArt-toTrainee\\pixeled-art-ui\\node_modules\\jest-jasmine2\\build\\queueRunner.js:43:12)\n    at new Promise (<anonymous>)\n    at mapper (C:\\Users\\anandita.wairya\\Desktop\\react exam\\PixeledArt-toTrainee\\pixeled-art-ui\\node_modules\\jest-jasmine2\\build\\queueRunner.js:26:19)\n    at promise.then (C:\\Users\\anandita.wairya\\Desktop\\react exam\\PixeledArt-toTrainee\\pixeled-art-ui\\node_modules\\jest-jasmine2\\build\\queueRunner.js:73:41)"],"fullName":"View Booking VBJT6 - Cancel and Back button should be displayed only on click of viewDetails button","location":null,"status":"failed","title":"VBJT6 - Cancel and Back button should be displayed only on click of viewDetails button"}],"endTime":1569579273999,"message":"  ● Create Booking › CBJT5 - tags for error message of respective fields in CreateBooking component have appropriate name\n\n    expect(received).toEqual(expected) // deep equality\n\n    Expected: 2\n    Received: 0\n\n      40 |     test(\"CBJT5 - tags for error message of respective fields in CreateBooking component have appropriate name\", () => {\n      41 |         const wrapper = shallow(<CreateBooking event={selectedEvent} />);\n    > 42 |         var _0xc5ec = [\"\\x6C\\x65\\x6E\\x67\\x74\\x68\", \"\\x5B\\x6E\\x61\\x6D\\x65\\x3D\\x22\\x65\\x6D\\x61\\x69\\x6C\\x49\\x64\\x45\\x72\\x72\\x6F\\x72\\x22\\x5D\", \"\\x66\\x69\\x6E\\x64\", \"\\x5B\\x6E\\x61\\x6D\\x65\\x3D\\x22\\x6E\\x6F\\x4F\\x66\\x54\\x69\\x63\\x6B\\x65\\x74\\x73\\x45\\x72\\x72\\x6F\\x72\\x22\\x5D\", \"\\x74\\x6F\\x45\\x71\\x75\\x61\\x6C\"]; let emailIdError = wrapper[_0xc5ec[2]](_0xc5ec[1])[_0xc5ec[0]]; let noOfTicketsError = wrapper[_0xc5ec[2]](_0xc5ec[3])[_0xc5ec[0]]; expect(emailIdError + noOfTicketsError)[_0xc5ec[4]](2)\n         |                                                                                                                                                                                                                                                                                                                                                                                                                                             ^\n      43 |     });\n      44 | \n      45 |     test(\"CBJT6 - tags for form level error and success messages in CreateBooking component have appropriate Name\", () => {\n\n      at Object.test (src/App.test.js:42:429)\n\n  ● Create Booking › CBJT6 - tags for form level error and success messages in CreateBooking component have appropriate Name\n\n    expect(received).toEqual(expected) // deep equality\n\n    Expected: 2\n    Received: 0\n\n      45 |     test(\"CBJT6 - tags for form level error and success messages in CreateBooking component have appropriate Name\", () => {\n      46 |         const wrapper = shallow(<CreateBooking event={selectedEvent} />);\n    > 47 |         var _0x6e16=[\"\\x6C\\x65\\x6E\\x67\\x74\\x68\",\"\\x5B\\x6E\\x61\\x6D\\x65\\x3D\\x22\\x65\\x72\\x72\\x6F\\x72\\x4D\\x65\\x73\\x73\\x61\\x67\\x65\\x22\\x5D\",\"\\x66\\x69\\x6E\\x64\",\"\\x5B\\x6E\\x61\\x6D\\x65\\x3D\\x22\\x73\\x75\\x63\\x63\\x65\\x73\\x73\\x4D\\x65\\x73\\x73\\x61\\x67\\x65\\x22\\x5D\",\"\\x74\\x6F\\x45\\x71\\x75\\x61\\x6C\"];let errorMessage=wrapper[_0x6e16[2]](_0x6e16[1])[_0x6e16[0]];let successMessage=wrapper[_0x6e16[2]](_0x6e16[3])[_0x6e16[0]];expect(errorMessage+ successMessage)[_0x6e16[4]](2)\n         |                                                                                                                                                                                                                                                                                                                                                                                                                      ^\n      48 |     });\n      49 | \n      50 |     test(\"CBJT7 - email and noOfTickets fields have formcontrol class\", () => {\n\n      at Object.test (src/App.test.js:47:406)\n\n  ● Create Booking › CBJT10 - Event component loads on click of Back button\n\n    Method “simulate” is meant to be run on 1 node. 0 found instead.\n\n      65 |     test(\"CBJT10 - Event component loads on click of Back button\", () => {\n      66 |         const wrapper = shallow(<CreateBooking event={selectedEvent} />);\n    > 67 |         var _0x165f=[\"\\x63\\x6C\\x69\\x63\\x6B\",\"\\x73\\x69\\x6D\\x75\\x6C\\x61\\x74\\x65\",\"\\x62\\x75\\x74\\x74\\x6F\\x6E\\x5B\\x6E\\x61\\x6D\\x65\\x3D\\x22\\x62\\x61\\x63\\x6B\\x22\\x5D\",\"\\x66\\x69\\x6E\\x64\",\"\\x74\\x6F\\x48\\x61\\x76\\x65\\x4C\\x65\\x6E\\x67\\x74\\x68\"];wrapper[_0x165f[3]](_0x165f[2])[_0x165f[1]](_0x165f[0],{});expect(wrapper[_0x165f[3]](Events))[_0x165f[4]](1)\n         |                                                                                                                                                                                                                                      ^\n      68 |     })\n      69 | })\n      70 | \n\n      at ShallowWrapper.single (node_modules/enzyme/src/ShallowWrapper.js:1636:13)\n      at ShallowWrapper.single [as simulate] (node_modules/enzyme/src/ShallowWrapper.js:1118:17)\n      at Object.test (src/App.test.js:67:230)\n\n  ● Events › ET1 - Event component has 3 cards with proper id\n\n    expect(received).toHaveLength(expected)\n\n    Expected length: 1\n    Received length: 0\n    Received object: {}\n\n      74 |     test(\"ET1 - Event component has 3 cards with proper id\", () => {\n      75 |         const EventsWrapper = shallow(<Events />);\n    > 76 |         var _0x5806=[\"\\x73\\x65\\x74\\x53\\x74\\x61\\x74\\x65\",\"\\x74\\x6F\\x48\\x61\\x76\\x65\\x4C\\x65\\x6E\\x67\\x74\\x68\",\"\\x64\\x69\\x76\\x5B\\x69\\x64\\x3D\\x27\\x61\\x27\\x5D\",\"\\x66\\x69\\x6E\\x64\",\"\\x64\\x69\\x76\\x5B\\x69\\x64\\x3D\\x27\\x62\\x27\\x5D\",\"\\x64\\x69\\x76\\x5B\\x69\\x64\\x3D\\x27\\x63\\x27\\x5D\"];EventsWrapper[_0x5806[0]]({allEvents:availableEvents});expect(EventsWrapper[_0x5806[3]](_0x5806[2]))[_0x5806[1]](1);expect(EventsWrapper[_0x5806[3]](_0x5806[4]))[_0x5806[1]](1);expect(EventsWrapper[_0x5806[3]](_0x5806[5]))[_0x5806[1]](1)\n         |                                                                                                                                                                                                                                                                                                                                    ^\n      77 |     })\n      78 | \n      79 |     test(\"ET2 - any of fetchEventDetails() or book() method returns a value, it should not\", () => {\n\n      at Object.test (src/App.test.js:76:324)\n\n  ● Events › ET3 - CreateBooking component loads on click of Book button of an Event\n\n    Method “simulate” is meant to be run on 1 node. 0 found instead.\n\n      84 |     test(\"ET3 - CreateBooking component loads on click of Book button of an Event\", () => {\n      85 |         const EventsWrapper = shallow(<Events />);\n    > 86 |         var _0x8dd2=[\"\\x73\\x65\\x74\\x53\\x74\\x61\\x74\\x65\",\"\\x63\\x6C\\x69\\x63\\x6B\",\"\\x61\",\"\",\"\\x73\\x69\\x6D\\x75\\x6C\\x61\\x74\\x65\",\"\\x61\\x74\",\"\\x62\\x75\\x74\\x74\\x6F\\x6E\\x5B\\x6E\\x61\\x6D\\x65\\x3D\\x22\\x62\\x6F\\x6F\\x6B\\x22\\x5D\",\"\\x66\\x69\\x6E\\x64\",\"\\x74\\x6F\\x48\\x61\\x76\\x65\\x4C\\x65\\x6E\\x67\\x74\\x68\"];EventsWrapper[_0x8dd2[0]]({allEvents:availableEvents});EventsWrapper[_0x8dd2[7]](_0x8dd2[6])[_0x8dd2[5]](0)[_0x8dd2[4]](_0x8dd2[1],{eventName:_0x8dd2[2],aboutEvent:_0x8dd2[3],eventImage:_0x8dd2[3],eventDate:_0x8dd2[3],eventFare:_0x8dd2[3]});expect(EventsWrapper[_0x8dd2[7]](CreateBooking))[_0x8dd2[8]](1)\n         |                                                                                                                                                                                                                                                                                                                                                     ^\n      87 |     })\n      88 | \n      89 | })\n\n      at ShallowWrapper.single (node_modules/enzyme/src/ShallowWrapper.js:1636:13)\n      at ShallowWrapper.single [as simulate] (node_modules/enzyme/src/ShallowWrapper.js:1118:17)\n      at Object.test (src/App.test.js:86:341)\n\n  ● View Booking › VBJT1 - View Booking component form has one input(emailId) and 1 button(viewBookings)\n\n    expect(received).toHaveLength(expected)\n\n    Expected length: 1\n    Received length: 0\n    Received object: {}\n\n      93 |     test(\"VBJT1 - View Booking component form has one input(emailId) and 1 button(viewBookings)\", () => {\n      94 |         const wrapper = shallow(<ViewBooking />);\n    > 95 |         var _0xaaa4=[\"\\x74\\x6F\\x48\\x61\\x76\\x65\\x4C\\x65\\x6E\\x67\\x74\\x68\",\"\\x69\\x6E\\x70\\x75\\x74\\x5B\\x6E\\x61\\x6D\\x65\\x3D\\x22\\x65\\x6D\\x61\\x69\\x6C\\x49\\x64\\x22\\x5D\",\"\\x66\\x69\\x6E\\x64\",\"\\x62\\x75\\x74\\x74\\x6F\\x6E\\x5B\\x6E\\x61\\x6D\\x65\\x3D\\x22\\x76\\x69\\x65\\x77\\x42\\x6F\\x6F\\x6B\\x69\\x6E\\x67\\x73\\x22\\x5D\"];expect(wrapper[_0xaaa4[2]](_0xaaa4[1]))[_0xaaa4[0]](1);expect(wrapper[_0xaaa4[2]](_0xaaa4[3]))[_0xaaa4[0]](1)\n         |                                                                                                                                                                                                                                                                                                   ^\n      96 |     });\n      97 | \n      98 |     test(\"VBJT2 - Bookings should not be displayed on load of ViewBooking component\", () => {\n\n      at Object.test (src/App.test.js:95:291)\n\n  ● View Booking › VBJT3 - Bookings is displayed (with proper id) on View form submission, form should not be be displayed\n\n    expect(received).toHaveLength(expected)\n\n    Expected length: 1\n    Received length: 0\n    Received object: {}\n\n      103 |     test(\"VBJT3 - Bookings is displayed (with proper id) on View form submission, form should not be be displayed\", () => {\n      104 |         const wrapper = shallow(<ViewBooking />);\n    > 105 |         var _0xa424=[\"\\x73\\x75\\x62\\x6D\\x69\\x74\",\"\\x73\\x69\\x6D\\x75\\x6C\\x61\\x74\\x65\",\"\\x66\\x6F\\x72\\x6D\",\"\\x66\\x69\\x6E\\x64\",\"\\x61\",\"\\x62\",\"\\x73\\x65\\x74\\x53\\x74\\x61\\x74\\x65\",\"\\x74\\x6F\\x48\\x61\\x76\\x65\\x4C\\x65\\x6E\\x67\\x74\\x68\",\"\\x64\\x69\\x76\\x5B\\x69\\x64\\x3D\\x31\\x5D\",\"\\x64\\x69\\x76\\x5B\\x69\\x64\\x3D\\x32\\x5D\"];wrapper[_0xa424[3]](_0xa424[2])[_0xa424[1]](_0xa424[0],{preventDefault:()=>{}});wrapper[_0xa424[6]]({bookingData:[{bookingId:1,eventName:_0xa424[4]},{bookingId:2,eventName:_0xa424[5]}]});expect(wrapper[_0xa424[3]](_0xa424[8]))[_0xa424[7]](1);expect(wrapper[_0xa424[3]](_0xa424[9]))[_0xa424[7]](1);expect(wrapper[_0xa424[3]](_0xa424[2]))[_0xa424[7]](0)\n          |                                                                                                                                                                                                                                                                                                                                                                                                                                                                                                        ^\n      106 |     })\n      107 | \n      108 |     test(\"VBJT4 - Close button displayed with the bookings should have name as close\", () => {\n\n      at Object.test (src/App.test.js:105:488)\n\n  ● View Booking › VBJT4 - Close button displayed with the bookings should have name as close\n\n    expect(received).toHaveLength(expected)\n\n    Expected length: 1\n    Received length: 0\n    Received object: {}\n\n      108 |     test(\"VBJT4 - Close button displayed with the bookings should have name as close\", () => {\n      109 |         const wrapper = shallow(<ViewBooking />);\n    > 110 |         var _0xeca6=[\"\\x73\\x75\\x62\\x6D\\x69\\x74\",\"\\x73\\x69\\x6D\\x75\\x6C\\x61\\x74\\x65\",\"\\x66\\x6F\\x72\\x6D\",\"\\x66\\x69\\x6E\\x64\",\"\\x61\",\"\\x62\",\"\\x73\\x65\\x74\\x53\\x74\\x61\\x74\\x65\",\"\\x74\\x6F\\x48\\x61\\x76\\x65\\x4C\\x65\\x6E\\x67\\x74\\x68\",\"\\x62\\x75\\x74\\x74\\x6F\\x6E\\x5B\\x6E\\x61\\x6D\\x65\\x3D\\x27\\x63\\x6C\\x6F\\x73\\x65\\x27\\x5D\"];wrapper[_0xeca6[3]](_0xeca6[2])[_0xeca6[1]](_0xeca6[0],{preventDefault:()=>{}});wrapper[_0xeca6[6]]({bookingData:[{bookingId:1,eventName:_0xeca6[4]},{bookingId:2,eventName:_0xeca6[5]}]});expect(wrapper[_0xeca6[3]](_0xeca6[8]))[_0xeca6[7]](1)\n          |                                                                                                                                                                                                                                                                                                                                                                                                                                                                                                             ^\n      111 |     })\n      112 | \n      113 |     test(\"VBJT5 - View Details buttons displayed with the bookings should have name as viewDetails\", () => {\n\n      at Object.test (src/App.test.js:110:493)\n\n  ● View Booking › VBJT5 - View Details buttons displayed with the bookings should have name as viewDetails\n\n    expect(received).toHaveLength(expected)\n\n    Expected length: 2\n    Received length: 0\n    Received object: {}\n\n      113 |     test(\"VBJT5 - View Details buttons displayed with the bookings should have name as viewDetails\", () => {\n      114 |         const wrapper = shallow(<ViewBooking />);\n    > 115 |         var _0x7ccf=[\"\\x73\\x75\\x62\\x6D\\x69\\x74\",\"\\x73\\x69\\x6D\\x75\\x6C\\x61\\x74\\x65\",\"\\x66\\x6F\\x72\\x6D\",\"\\x66\\x69\\x6E\\x64\",\"\\x61\",\"\\x62\",\"\\x73\\x65\\x74\\x53\\x74\\x61\\x74\\x65\",\"\\x74\\x6F\\x48\\x61\\x76\\x65\\x4C\\x65\\x6E\\x67\\x74\\x68\",\"\\x62\\x75\\x74\\x74\\x6F\\x6E\\x5B\\x6E\\x61\\x6D\\x65\\x3D\\x27\\x76\\x69\\x65\\x77\\x44\\x65\\x74\\x61\\x69\\x6C\\x73\\x27\\x5D\"];wrapper[_0x7ccf[3]](_0x7ccf[2])[_0x7ccf[1]](_0x7ccf[0],{preventDefault:()=>{}});wrapper[_0x7ccf[6]]({bookingData:[{bookingId:1,eventName:_0x7ccf[4]},{bookingId:2,eventName:_0x7ccf[5]}]});expect(wrapper[_0x7ccf[3]](_0x7ccf[8]))[_0x7ccf[7]](2)\n          |                                                                                                                                                                                                                                                                                                                                                                                                                                                                                                                                     ^\n      116 |     })\n      117 | \n      118 |     test(\"VBJT6 - Cancel and Back button should be displayed only on click of viewDetails button\", () => {\n\n      at Object.test (src/App.test.js:115:517)\n\n  ● View Booking › VBJT6 - Cancel and Back button should be displayed only on click of viewDetails button\n\n    Method “simulate” is meant to be run on 1 node. 0 found instead.\n\n      118 |     test(\"VBJT6 - Cancel and Back button should be displayed only on click of viewDetails button\", () => {\n      119 |         const wrapper = shallow(<ViewBooking />);\n    > 120 |         var _0x1fce=[\"\\x73\\x75\\x62\\x6D\\x69\\x74\",\"\\x73\\x69\\x6D\\x75\\x6C\\x61\\x74\\x65\",\"\\x66\\x6F\\x72\\x6D\",\"\\x66\\x69\\x6E\\x64\",\"\\x61\",\"\\x62\",\"\\x73\\x65\\x74\\x53\\x74\\x61\\x74\\x65\",\"\\x61\\x74\",\"\\x62\\x75\\x74\\x74\\x6F\\x6E\\x5B\\x6E\\x61\\x6D\\x65\\x3D\\x27\\x76\\x69\\x65\\x77\\x44\\x65\\x74\\x61\\x69\\x6C\\x73\\x27\\x5D\",\"\\x74\\x6F\\x48\\x61\\x76\\x65\\x4C\\x65\\x6E\\x67\\x74\\x68\",\"\\x62\\x75\\x74\\x74\\x6F\\x6E\\x5B\\x6E\\x61\\x6D\\x65\\x3D\\x27\\x63\\x61\\x6E\\x63\\x65\\x6C\\x27\\x5D\",\"\\x62\\x75\\x74\\x74\\x6F\\x6E\\x5B\\x6E\\x61\\x6D\\x65\\x3D\\x27\\x62\\x61\\x63\\x6B\\x27\\x5D\"];wrapper[_0x1fce[3]](_0x1fce[2])[_0x1fce[1]](_0x1fce[0],{preventDefault:()=>{}});wrapper[_0x1fce[6]]({bookingData:[{bookingId:1,eventName:_0x1fce[4]},{bookingId:2,eventName:_0x1fce[5]}]});wrapper[_0x1fce[3]](_0x1fce[8])[_0x1fce[7]](0)[_0x1fce[1]](_0x1fce[0],{preventDefault:()=>{}});wrapper[_0x1fce[6]]({selectedBooking:{bookingId:1,eventName:_0x1fce[4]}});expect(wrapper[_0x1fce[3]](_0x1fce[10]))[_0x1fce[9]](1);expect(wrapper[_0x1fce[3]](_0x1fce[11]))[_0x1fce[9]](1)\n          |                                                                                                                                                                                                                                                                                                                                                                                                                                                                                                                                                                                                                                                                                                                      ^\n      121 |     })\n      122 | })\n\n      at ShallowWrapper.single (node_modules/enzyme/src/ShallowWrapper.js:1636:13)\n      at ShallowWrapper.single [as simulate] (node_modules/enzyme/src/ShallowWrapper.js:1118:17)\n      at Object.test (src/App.test.js:120:694)\n","name":"C:\\Users\\anandita.wairya\\Desktop\\react exam\\PixeledArt-toTrainee\\pixeled-art-ui\\src\\App.test.js","startTime":1569579265889,"status":"failed","summary":""}],"wasInterrupted":false,"coverageMap":{"C:\\Users\\anandita.wairya\\Desktop\\react exam\\PixeledArt-toTrainee\\pixeled-art-ui\\src\\App.js":{"path":"C:\\Users\\anandita.wairya\\Desktop\\react exam\\PixeledArt-toTrainee\\pixeled-art-ui\\src\\App.js","statementMap":{"0":{"start":{"line":12,"column":4},"end":{"line":39,"column":6}}},"fnMap":{"0":{"name":"(anonymous_0)","decl":{"start":{"line":11,"column":2},"end":{"line":11,"column":3}},"loc":{"start":{"line":11,"column":11},"end":{"line":40,"column":3}},"line":11}},"branchMap":{},"s":{"0":0},"f":{"0":0},"b":{},"_coverageSchema":"43e27e138ebf9cfc5966b082cf9a028302ed4184","hash":"087709641a1219cfcfe2c17cc224856a50519e8c"},"C:\\Users\\anandita.wairya\\Desktop\\react exam\\PixeledArt-toTrainee\\pixeled-art-ui\\src\\components\\evaluator.js":{"path":"C:\\Users\\anandita.wairya\\Desktop\\react exam\\PixeledArt-toTrainee\\pixeled-art-ui\\src\\components\\evaluator.js","statementMap":{"0":{"start":{"line":7,"column":8},"end":{"line":7,"column":21}},"1":{"start":{"line":8,"column":8},"end":{"line":11,"column":9}},"2":{"start":{"line":14,"column":14},"end":{"line":25,"column":5}},"3":{"start":{"line":15,"column":8},"end":{"line":15,"column":42}},"4":{"start":{"line":16,"column":8},"end":{"line":24,"column":10}},"5":{"start":{"line":17,"column":12},"end":{"line":17,"column":55}},"6":{"start":{"line":19,"column":12},"end":{"line":23,"column":13}},"7":{"start":{"line":20,"column":16},"end":{"line":20,"column":50}},"8":{"start":{"line":22,"column":16},"end":{"line":22,"column":37}},"9":{"start":{"line":27,"column":27},"end":{"line":51,"column":5}},"10":{"start":{"line":28,"column":25},"end":{"line":28,"column":44}},"11":{"start":{"line":29,"column":24},"end":{"line":29,"column":26}},"12":{"start":{"line":30,"column":8},"end":{"line":50,"column":9}},"13":{"start":{"line":31,"column":12},"end":{"line":45,"column":14}},"14":{"start":{"line":32,"column":16},"end":{"line":44,"column":17}},"15":{"start":{"line":33,"column":20},"end":{"line":37,"column":21}},"16":{"start":{"line":39,"column":20},"end":{"line":43,"column":21}},"17":{"start":{"line":46,"column":12},"end":{"line":46,"column":28}},"18":{"start":{"line":48,"column":12},"end":{"line":48,"column":44}},"19":{"start":{"line":49,"column":12},"end":{"line":49,"column":23}},"20":{"start":{"line":53,"column":24},"end":{"line":95,"column":5}},"21":{"start":{"line":54,"column":25},"end":{"line":54,"column":44}},"22":{"start":{"line":55,"column":27},"end":{"line":55,"column":29}},"23":{"start":{"line":56,"column":8},"end":{"line":94,"column":9}},"24":{"start":{"line":57,"column":12},"end":{"line":89,"column":14}},"25":{"start":{"line":58,"column":16},"end":{"line":88,"column":17}},"26":{"start":{"line":59,"column":20},"end":{"line":71,"column":21}},"27":{"start":{"line":73,"column":20},"end":{"line":87,"column":21}},"28":{"start":{"line":90,"column":12},"end":{"line":90,"column":31}},"29":{"start":{"line":92,"column":12},"end":{"line":92,"column":45}},"30":{"start":{"line":93,"column":12},"end":{"line":93,"column":23}},"31":{"start":{"line":97,"column":23},"end":{"line":111,"column":5}},"32":{"start":{"line":98,"column":8},"end":{"line":110,"column":10}},"33":{"start":{"line":99,"column":31},"end":{"line":99,"column":33}},"34":{"start":{"line":100,"column":34},"end":{"line":100,"column":36}},"35":{"start":{"line":101,"column":12},"end":{"line":101,"column":103}},"36":{"start":{"line":102,"column":12},"end":{"line":102,"column":163}},"37":{"start":{"line":104,"column":12},"end":{"line":109,"column":13}},"38":{"start":{"line":113,"column":18},"end":{"line":117,"column":5}},"39":{"start":{"line":114,"column":8},"end":{"line":116,"column":93}},"40":{"start":{"line":115,"column":34},"end":{"line":115,"column":54}},"41":{"start":{"line":116,"column":28},"end":{"line":116,"column":62}},"42":{"start":{"line":116,"column":63},"end":{"line":116,"column":89}},"43":{"start":{"line":119,"column":15},"end":{"line":126,"column":5}},"44":{"start":{"line":120,"column":8},"end":{"line":120,"column":42}},"45":{"start":{"line":121,"column":8},"end":{"line":125,"column":10}},"46":{"start":{"line":122,"column":12},"end":{"line":122,"column":53}},"47":{"start":{"line":124,"column":12},"end":{"line":124,"column":23}},"48":{"start":{"line":129,"column":8},"end":{"line":195,"column":9}}},"fnMap":{"0":{"name":"(anonymous_0)","decl":{"start":{"line":6,"column":4},"end":{"line":6,"column":5}},"loc":{"start":{"line":6,"column":23},"end":{"line":12,"column":5}},"line":6},"1":{"name":"(anonymous_1)","decl":{"start":{"line":14,"column":14},"end":{"line":14,"column":15}},"loc":{"start":{"line":14,"column":20},"end":{"line":25,"column":5}},"line":14},"2":{"name":"(anonymous_2)","decl":{"start":{"line":16,"column":56},"end":{"line":16,"column":57}},"loc":{"start":{"line":16,"column":68},"end":{"line":18,"column":9}},"line":16},"3":{"name":"(anonymous_3)","decl":{"start":{"line":18,"column":17},"end":{"line":18,"column":18}},"loc":{"start":{"line":18,"column":26},"end":{"line":24,"column":9}},"line":18},"4":{"name":"(anonymous_4)","decl":{"start":{"line":27,"column":27},"end":{"line":27,"column":28}},"loc":{"start":{"line":27,"column":33},"end":{"line":51,"column":5}},"line":27},"5":{"name":"(anonymous_5)","decl":{"start":{"line":31,"column":55},"end":{"line":31,"column":56}},"loc":{"start":{"line":31,"column":72},"end":{"line":45,"column":13}},"line":31},"6":{"name":"(anonymous_6)","decl":{"start":{"line":53,"column":24},"end":{"line":53,"column":25}},"loc":{"start":{"line":53,"column":30},"end":{"line":95,"column":5}},"line":53},"7":{"name":"(anonymous_7)","decl":{"start":{"line":57,"column":58},"end":{"line":57,"column":59}},"loc":{"start":{"line":57,"column":75},"end":{"line":89,"column":13}},"line":57},"8":{"name":"(anonymous_8)","decl":{"start":{"line":97,"column":23},"end":{"line":97,"column":24}},"loc":{"start":{"line":97,"column":42},"end":{"line":111,"column":5}},"line":97},"9":{"name":"(anonymous_9)","decl":{"start":{"line":98,"column":43},"end":{"line":98,"column":44}},"loc":{"start":{"line":98,"column":51},"end":{"line":110,"column":9}},"line":98},"10":{"name":"(anonymous_10)","decl":{"start":{"line":113,"column":18},"end":{"line":113,"column":19}},"loc":{"start":{"line":113,"column":24},"end":{"line":117,"column":5}},"line":113},"11":{"name":"(anonymous_11)","decl":{"start":{"line":115,"column":18},"end":{"line":115,"column":19}},"loc":{"start":{"line":115,"column":32},"end":{"line":115,"column":56}},"line":115},"12":{"name":"(anonymous_12)","decl":{"start":{"line":116,"column":19},"end":{"line":116,"column":20}},"loc":{"start":{"line":116,"column":26},"end":{"line":116,"column":91}},"line":116},"13":{"name":"(anonymous_13)","decl":{"start":{"line":119,"column":15},"end":{"line":119,"column":16}},"loc":{"start":{"line":119,"column":21},"end":{"line":126,"column":5}},"line":119},"14":{"name":"(anonymous_14)","decl":{"start":{"line":121,"column":39},"end":{"line":121,"column":40}},"loc":{"start":{"line":121,"column":49},"end":{"line":123,"column":9}},"line":121},"15":{"name":"(anonymous_15)","decl":{"start":{"line":123,"column":17},"end":{"line":123,"column":18}},"loc":{"start":{"line":123,"column":26},"end":{"line":125,"column":9}},"line":123},"16":{"name":"(anonymous_16)","decl":{"start":{"line":128,"column":4},"end":{"line":128,"column":5}},"loc":{"start":{"line":128,"column":13},"end":{"line":196,"column":5}},"line":128}},"branchMap":{"0":{"loc":{"start":{"line":19,"column":12},"end":{"line":23,"column":13}},"type":"if","locations":[{"start":{"line":19,"column":12},"end":{"line":23,"column":13}},{"start":{"line":19,"column":12},"end":{"line":23,"column":13}}],"line":19},"1":{"loc":{"start":{"line":30,"column":8},"end":{"line":50,"column":9}},"type":"if","locations":[{"start":{"line":30,"column":8},"end":{"line":50,"column":9}},{"start":{"line":30,"column":8},"end":{"line":50,"column":9}}],"line":30},"2":{"loc":{"start":{"line":32,"column":16},"end":{"line":44,"column":17}},"type":"if","locations":[{"start":{"line":32,"column":16},"end":{"line":44,"column":17}},{"start":{"line":32,"column":16},"end":{"line":44,"column":17}}],"line":32},"3":{"loc":{"start":{"line":56,"column":8},"end":{"line":94,"column":9}},"type":"if","locations":[{"start":{"line":56,"column":8},"end":{"line":94,"column":9}},{"start":{"line":56,"column":8},"end":{"line":94,"column":9}}],"line":56},"4":{"loc":{"start":{"line":58,"column":16},"end":{"line":88,"column":17}},"type":"if","locations":[{"start":{"line":58,"column":16},"end":{"line":88,"column":17}},{"start":{"line":58,"column":16},"end":{"line":88,"column":17}}],"line":58},"5":{"loc":{"start":{"line":101,"column":12},"end":{"line":101,"column":103}},"type":"cond-expr","locations":[{"start":{"line":101,"column":43},"end":{"line":101,"column":72}},{"start":{"line":101,"column":75},"end":{"line":101,"column":103}}],"line":101},"6":{"loc":{"start":{"line":102,"column":12},"end":{"line":102,"column":163}},"type":"cond-expr","locations":[{"start":{"line":102,"column":43},"end":{"line":102,"column":102}},{"start":{"line":102,"column":105},"end":{"line":102,"column":163}}],"line":102},"7":{"loc":{"start":{"line":132,"column":17},"end":{"line":139,"column":24}},"type":"cond-expr","locations":[{"start":{"line":133,"column":20},"end":{"line":138,"column":26}},{"start":{"line":139,"column":20},"end":{"line":139,"column":24}}],"line":132},"8":{"loc":{"start":{"line":166,"column":44},"end":{"line":184,"column":49}},"type":"cond-expr","locations":[{"start":{"line":167,"column":48},"end":{"line":174,"column":65}},{"start":{"line":176,"column":52},"end":{"line":183,"column":69}}],"line":166}},"s":{"0":0,"1":0,"2":0,"3":0,"4":0,"5":0,"6":0,"7":0,"8":0,"9":0,"10":0,"11":0,"12":0,"13":0,"14":0,"15":0,"16":0,"17":0,"18":0,"19":0,"20":0,"21":0,"22":0,"23":0,"24":0,"25":0,"26":0,"27":0,"28":0,"29":0,"30":0,"31":0,"32":0,"33":0,"34":0,"35":0,"36":0,"37":0,"38":0,"39":0,"40":0,"41":0,"42":0,"43":0,"44":0,"45":0,"46":0,"47":0,"48":0},"f":{"0":0,"1":0,"2":0,"3":0,"4":0,"5":0,"6":0,"7":0,"8":0,"9":0,"10":0,"11":0,"12":0,"13":0,"14":0,"15":0,"16":0},"b":{"0":[0,0],"1":[0,0],"2":[0,0],"3":[0,0],"4":[0,0],"5":[0,0],"6":[0,0],"7":[0,0],"8":[0,0]},"_coverageSchema":"43e27e138ebf9cfc5966b082cf9a028302ed4184","hash":"e0c4ce3f49c4eb86fb2d30245ea066895b9fab88"},"C:\\Users\\anandita.wairya\\Desktop\\react exam\\PixeledArt-toTrainee\\pixeled-art-ui\\src\\components\\events.js":{"path":"C:\\Users\\anandita.wairya\\Desktop\\react exam\\PixeledArt-toTrainee\\pixeled-art-ui\\src\\components\\events.js","statementMap":{"0":{"start":{"line":8,"column":12},"end":{"line":8,"column":47}},"1":{"start":{"line":13,"column":8},"end":{"line":13,"column":21}},"2":{"start":{"line":14,"column":8},"end":{"line":18,"column":10}},"3":{"start":{"line":22,"column":8},"end":{"line":22,"column":34}},"4":{"start":{"line":23,"column":8},"end":{"line":23,"column":33}},"5":{"start":{"line":26,"column":24},"end":{"line":57,"column":5}},"6":{"start":{"line":37,"column":8},"end":{"line":37,"column":43}},"7":{"start":{"line":39,"column":8},"end":{"line":55,"column":13}},"8":{"start":{"line":40,"column":12},"end":{"line":40,"column":55}},"9":{"start":{"line":42,"column":12},"end":{"line":42,"column":33}},"10":{"start":{"line":43,"column":12},"end":{"line":46,"column":15}},"11":{"start":{"line":49,"column":12},"end":{"line":54,"column":13}},"12":{"start":{"line":50,"column":16},"end":{"line":50,"column":43}},"13":{"start":{"line":51,"column":14},"end":{"line":51,"column":89}},"14":{"start":{"line":53,"column":14},"end":{"line":53,"column":74}},"15":{"start":{"line":59,"column":11},"end":{"line":62,"column":5}},"16":{"start":{"line":61,"column":8},"end":{"line":61,"column":52}},"17":{"start":{"line":64,"column":20},"end":{"line":99,"column":5}},"18":{"start":{"line":81,"column":7},"end":{"line":81,"column":41}},"19":{"start":{"line":83,"column":17},"end":{"line":97,"column":9}},"20":{"start":{"line":84,"column":8},"end":{"line":96,"column":16}},"21":{"start":{"line":93,"column":84},"end":{"line":93,"column":99}},"22":{"start":{"line":98,"column":7},"end":{"line":98,"column":22}},"23":{"start":{"line":106,"column":7},"end":{"line":106,"column":36}},"24":{"start":{"line":109,"column":8},"end":{"line":123,"column":9}}},"fnMap":{"0":{"name":"(anonymous_0)","decl":{"start":{"line":12,"column":4},"end":{"line":12,"column":5}},"loc":{"start":{"line":12,"column":23},"end":{"line":19,"column":5}},"line":12},"1":{"name":"(anonymous_1)","decl":{"start":{"line":21,"column":4},"end":{"line":21,"column":5}},"loc":{"start":{"line":21,"column":23},"end":{"line":24,"column":5}},"line":21},"2":{"name":"(anonymous_2)","decl":{"start":{"line":26,"column":24},"end":{"line":26,"column":25}},"loc":{"start":{"line":26,"column":30},"end":{"line":57,"column":5}},"line":26},"3":{"name":"(anonymous_3)","decl":{"start":{"line":39,"column":28},"end":{"line":39,"column":29}},"loc":{"start":{"line":39,"column":40},"end":{"line":47,"column":11}},"line":39},"4":{"name":"(anonymous_4)","decl":{"start":{"line":48,"column":17},"end":{"line":48,"column":18}},"loc":{"start":{"line":48,"column":26},"end":{"line":55,"column":11}},"line":48},"5":{"name":"(anonymous_5)","decl":{"start":{"line":59,"column":11},"end":{"line":59,"column":12}},"loc":{"start":{"line":59,"column":30},"end":{"line":62,"column":5}},"line":59},"6":{"name":"(anonymous_6)","decl":{"start":{"line":64,"column":20},"end":{"line":64,"column":21}},"loc":{"start":{"line":64,"column":26},"end":{"line":99,"column":5}},"line":64},"7":{"name":"(anonymous_7)","decl":{"start":{"line":83,"column":42},"end":{"line":83,"column":43}},"loc":{"start":{"line":83,"column":54},"end":{"line":97,"column":8}},"line":83},"8":{"name":"(anonymous_8)","decl":{"start":{"line":93,"column":80},"end":{"line":93,"column":81}},"loc":{"start":{"line":93,"column":84},"end":{"line":93,"column":99}},"line":93},"9":{"name":"(anonymous_9)","decl":{"start":{"line":101,"column":4},"end":{"line":101,"column":5}},"loc":{"start":{"line":101,"column":13},"end":{"line":124,"column":5}},"line":101}},"branchMap":{"0":{"loc":{"start":{"line":49,"column":12},"end":{"line":54,"column":13}},"type":"if","locations":[{"start":{"line":49,"column":12},"end":{"line":54,"column":13}},{"start":{"line":49,"column":12},"end":{"line":54,"column":13}}],"line":49},"1":{"loc":{"start":{"line":116,"column":25},"end":{"line":117,"column":73}},"type":"cond-expr","locations":[{"start":{"line":116,"column":59},"end":{"line":116,"column":79}},{"start":{"line":117,"column":24},"end":{"line":117,"column":73}}],"line":116}},"s":{"0":1,"1":3,"2":3,"3":3,"4":3,"5":3,"6":4,"7":4,"8":0,"9":0,"10":0,"11":0,"12":0,"13":0,"14":0,"15":3,"16":1,"17":3,"18":5,"19":5,"20":6,"21":0,"22":5,"23":6,"24":6},"f":{"0":3,"1":3,"2":4,"3":0,"4":0,"5":1,"6":5,"7":6,"8":0,"9":6},"b":{"0":[0,0],"1":[5,1]},"_coverageSchema":"43e27e138ebf9cfc5966b082cf9a028302ed4184","hash":"9966b92d876e548517a1f63f66e7117862c38eb6"},"C:\\Users\\anandita.wairya\\Desktop\\react exam\\PixeledArt-toTrainee\\pixeled-art-ui\\src\\components\\CreateBooking.js":{"path":"C:\\Users\\anandita.wairya\\Desktop\\react exam\\PixeledArt-toTrainee\\pixeled-art-ui\\src\\components\\CreateBooking.js","statementMap":{"0":{"start":{"line":11,"column":4},"end":{"line":11,"column":17}},"1":{"start":{"line":12,"column":4},"end":{"line":34,"column":6}},"2":{"start":{"line":37,"column":18},"end":{"line":72,"column":3}},"3":{"start":{"line":45,"column":4},"end":{"line":45,"column":27}},"4":{"start":{"line":46,"column":16},"end":{"line":51,"column":5}},"5":{"start":{"line":52,"column":4},"end":{"line":52,"column":20}},"6":{"start":{"line":53,"column":4},"end":{"line":53,"column":32}},"7":{"start":{"line":54,"column":4},"end":{"line":70,"column":9}},"8":{"start":{"line":55,"column":6},"end":{"line":55,"column":49}},"9":{"start":{"line":57,"column":6},"end":{"line":57,"column":27}},"10":{"start":{"line":58,"column":6},"end":{"line":61,"column":9}},"11":{"start":{"line":64,"column":8},"end":{"line":69,"column":9}},"12":{"start":{"line":65,"column":10},"end":{"line":65,"column":37}},"13":{"start":{"line":66,"column":10},"end":{"line":66,"column":91}},"14":{"start":{"line":68,"column":10},"end":{"line":68,"column":78}},"15":{"start":{"line":75,"column":17},"end":{"line":95,"column":3}},"16":{"start":{"line":82,"column":12},"end":{"line":82,"column":29}},"17":{"start":{"line":83,"column":13},"end":{"line":83,"column":31}},"18":{"start":{"line":84,"column":16},"end":{"line":84,"column":31}},"19":{"start":{"line":85,"column":3},"end":{"line":89,"column":4}},"20":{"start":{"line":86,"column":4},"end":{"line":88,"column":21}},"21":{"start":{"line":87,"column":6},"end":{"line":87,"column":16}},"22":{"start":{"line":88,"column":10},"end":{"line":88,"column":21}},"23":{"start":{"line":90,"column":3},"end":{"line":90,"column":24}},"24":{"start":{"line":93,"column":3},"end":{"line":93,"column":33}},"25":{"start":{"line":94,"column":3},"end":{"line":94,"column":34}},"26":{"start":{"line":97,"column":18},"end":{"line":160,"column":3}},"27":{"start":{"line":107,"column":17},"end":{"line":107,"column":37}},"28":{"start":{"line":108,"column":24},"end":{"line":108,"column":51}},"29":{"start":{"line":109,"column":3},"end":{"line":155,"column":4}},"30":{"start":{"line":111,"column":5},"end":{"line":122,"column":6}},"31":{"start":{"line":112,"column":6},"end":{"line":112,"column":30}},"32":{"start":{"line":113,"column":6},"end":{"line":113,"column":47}},"33":{"start":{"line":115,"column":9},"end":{"line":122,"column":6}},"34":{"start":{"line":116,"column":8},"end":{"line":116,"column":32}},"35":{"start":{"line":117,"column":8},"end":{"line":117,"column":118}},"36":{"start":{"line":120,"column":7},"end":{"line":120,"column":30}},"37":{"start":{"line":121,"column":7},"end":{"line":121,"column":34}},"38":{"start":{"line":123,"column":5},"end":{"line":123,"column":11}},"39":{"start":{"line":125,"column":5},"end":{"line":140,"column":6}},"40":{"start":{"line":126,"column":8},"end":{"line":126,"column":36}},"41":{"start":{"line":127,"column":8},"end":{"line":127,"column":53}},"42":{"start":{"line":129,"column":10},"end":{"line":140,"column":6}},"43":{"start":{"line":130,"column":6},"end":{"line":130,"column":34}},"44":{"start":{"line":131,"column":6},"end":{"line":131,"column":72}},"45":{"start":{"line":133,"column":10},"end":{"line":140,"column":6}},"46":{"start":{"line":134,"column":6},"end":{"line":134,"column":34}},"47":{"start":{"line":135,"column":6},"end":{"line":135,"column":113}},"48":{"start":{"line":138,"column":7},"end":{"line":138,"column":34}},"49":{"start":{"line":139,"column":7},"end":{"line":139,"column":38}},"50":{"start":{"line":141,"column":5},"end":{"line":141,"column":11}},"51":{"start":{"line":143,"column":5},"end":{"line":150,"column":6}},"52":{"start":{"line":144,"column":6},"end":{"line":144,"column":32}},"53":{"start":{"line":145,"column":6},"end":{"line":145,"column":49}},"54":{"start":{"line":148,"column":7},"end":{"line":148,"column":32}},"55":{"start":{"line":149,"column":7},"end":{"line":149,"column":36}},"56":{"start":{"line":151,"column":5},"end":{"line":151,"column":11}},"57":{"start":{"line":153,"column":5},"end":{"line":153,"column":11}},"58":{"start":{"line":156,"column":3},"end":{"line":156,"column":87}},"59":{"start":{"line":157,"column":3},"end":{"line":157,"column":53}},"60":{"start":{"line":158,"column":3},"end":{"line":158,"column":39}},"61":{"start":{"line":164,"column":4},"end":{"line":220,"column":6}},"62":{"start":{"line":210,"column":91},"end":{"line":210,"column":119}}},"fnMap":{"0":{"name":"(anonymous_0)","decl":{"start":{"line":10,"column":2},"end":{"line":10,"column":3}},"loc":{"start":{"line":10,"column":21},"end":{"line":35,"column":3}},"line":10},"1":{"name":"(anonymous_1)","decl":{"start":{"line":37,"column":18},"end":{"line":37,"column":19}},"loc":{"start":{"line":37,"column":29},"end":{"line":72,"column":3}},"line":37},"2":{"name":"(anonymous_2)","decl":{"start":{"line":54,"column":85},"end":{"line":54,"column":86}},"loc":{"start":{"line":54,"column":97},"end":{"line":62,"column":5}},"line":54},"3":{"name":"(anonymous_3)","decl":{"start":{"line":63,"column":13},"end":{"line":63,"column":14}},"loc":{"start":{"line":63,"column":22},"end":{"line":70,"column":7}},"line":63},"4":{"name":"(anonymous_4)","decl":{"start":{"line":75,"column":17},"end":{"line":75,"column":18}},"loc":{"start":{"line":75,"column":28},"end":{"line":95,"column":3}},"line":75},"5":{"name":"(anonymous_5)","decl":{"start":{"line":97,"column":18},"end":{"line":97,"column":19}},"loc":{"start":{"line":97,"column":40},"end":{"line":160,"column":3}},"line":97},"6":{"name":"(anonymous_6)","decl":{"start":{"line":162,"column":2},"end":{"line":162,"column":3}},"loc":{"start":{"line":162,"column":11},"end":{"line":221,"column":3}},"line":162},"7":{"name":"(anonymous_7)","decl":{"start":{"line":210,"column":86},"end":{"line":210,"column":87}},"loc":{"start":{"line":210,"column":90},"end":{"line":210,"column":120}},"line":210}},"branchMap":{"0":{"loc":{"start":{"line":64,"column":8},"end":{"line":69,"column":9}},"type":"if","locations":[{"start":{"line":64,"column":8},"end":{"line":69,"column":9}},{"start":{"line":64,"column":8},"end":{"line":69,"column":9}}],"line":64},"1":{"loc":{"start":{"line":85,"column":3},"end":{"line":89,"column":4}},"type":"if","locations":[{"start":{"line":85,"column":3},"end":{"line":89,"column":4}},{"start":{"line":85,"column":3},"end":{"line":89,"column":4}}],"line":85},"2":{"loc":{"start":{"line":86,"column":4},"end":{"line":88,"column":21}},"type":"if","locations":[{"start":{"line":86,"column":4},"end":{"line":88,"column":21}},{"start":{"line":86,"column":4},"end":{"line":88,"column":21}}],"line":86},"3":{"loc":{"start":{"line":109,"column":3},"end":{"line":155,"column":4}},"type":"switch","locations":[{"start":{"line":110,"column":5},"end":{"line":123,"column":11}},{"start":{"line":124,"column":5},"end":{"line":141,"column":11}},{"start":{"line":142,"column":5},"end":{"line":151,"column":11}},{"start":{"line":152,"column":5},"end":{"line":153,"column":11}}],"line":109},"4":{"loc":{"start":{"line":111,"column":5},"end":{"line":122,"column":6}},"type":"if","locations":[{"start":{"line":111,"column":5},"end":{"line":122,"column":6}},{"start":{"line":111,"column":5},"end":{"line":122,"column":6}}],"line":111},"5":{"loc":{"start":{"line":111,"column":8},"end":{"line":111,"column":33}},"type":"binary-expr","locations":[{"start":{"line":111,"column":8},"end":{"line":111,"column":18}},{"start":{"line":111,"column":21},"end":{"line":111,"column":33}}],"line":111},"6":{"loc":{"start":{"line":115,"column":9},"end":{"line":122,"column":6}},"type":"if","locations":[{"start":{"line":115,"column":9},"end":{"line":122,"column":6}},{"start":{"line":115,"column":9},"end":{"line":122,"column":6}}],"line":115},"7":{"loc":{"start":{"line":125,"column":5},"end":{"line":140,"column":6}},"type":"if","locations":[{"start":{"line":125,"column":5},"end":{"line":140,"column":6}},{"start":{"line":125,"column":5},"end":{"line":140,"column":6}}],"line":125},"8":{"loc":{"start":{"line":125,"column":8},"end":{"line":125,"column":33}},"type":"binary-expr","locations":[{"start":{"line":125,"column":8},"end":{"line":125,"column":18}},{"start":{"line":125,"column":21},"end":{"line":125,"column":33}}],"line":125},"9":{"loc":{"start":{"line":129,"column":10},"end":{"line":140,"column":6}},"type":"if","locations":[{"start":{"line":129,"column":10},"end":{"line":140,"column":6}},{"start":{"line":129,"column":10},"end":{"line":140,"column":6}}],"line":129},"10":{"loc":{"start":{"line":133,"column":10},"end":{"line":140,"column":6}},"type":"if","locations":[{"start":{"line":133,"column":10},"end":{"line":140,"column":6}},{"start":{"line":133,"column":10},"end":{"line":140,"column":6}}],"line":133},"11":{"loc":{"start":{"line":143,"column":5},"end":{"line":150,"column":6}},"type":"if","locations":[{"start":{"line":143,"column":5},"end":{"line":150,"column":6}},{"start":{"line":143,"column":5},"end":{"line":150,"column":6}}],"line":143},"12":{"loc":{"start":{"line":143,"column":8},"end":{"line":143,"column":33}},"type":"binary-expr","locations":[{"start":{"line":143,"column":8},"end":{"line":143,"column":18}},{"start":{"line":143,"column":21},"end":{"line":143,"column":33}}],"line":143},"13":{"loc":{"start":{"line":156,"column":26},"end":{"line":156,"column":87}},"type":"binary-expr","locations":[{"start":{"line":156,"column":26},"end":{"line":156,"column":43}},{"start":{"line":156,"column":45},"end":{"line":156,"column":64}},{"start":{"line":156,"column":66},"end":{"line":156,"column":87}}],"line":156},"14":{"loc":{"start":{"line":165,"column":6},"end":{"line":219,"column":23}},"type":"cond-expr","locations":[{"start":{"line":165,"column":26},"end":{"line":165,"column":35}},{"start":{"line":166,"column":6},"end":{"line":219,"column":23}}],"line":165}},"s":{"0":10,"1":10,"2":10,"3":1,"4":1,"5":1,"6":1,"7":1,"8":0,"9":0,"10":0,"11":0,"12":0,"13":0,"14":0,"15":10,"16":1,"17":1,"18":1,"19":1,"20":0,"21":0,"22":0,"23":1,"24":1,"25":1,"26":10,"27":2,"28":2,"29":2,"30":0,"31":0,"32":0,"33":0,"34":0,"35":0,"36":0,"37":0,"38":0,"39":0,"40":0,"41":0,"42":0,"43":0,"44":0,"45":0,"46":0,"47":0,"48":0,"49":0,"50":0,"51":0,"52":0,"53":0,"54":0,"55":0,"56":0,"57":2,"58":2,"59":2,"60":2,"61":15,"62":0},"f":{"0":10,"1":1,"2":0,"3":0,"4":1,"5":2,"6":15,"7":0},"b":{"0":[0,0],"1":[0,1],"2":[0,0],"3":[0,0,0,2],"4":[0,0],"5":[0,0],"6":[0,0],"7":[0,0],"8":[0,0],"9":[0,0],"10":[0,0],"11":[0,0],"12":[0,0],"13":[2,0,0],"14":[0,15]},"_coverageSchema":"43e27e138ebf9cfc5966b082cf9a028302ed4184","hash":"2aa248c678983eacdd4d34afbe9eb3b28a60b4dc"},"C:\\Users\\anandita.wairya\\Desktop\\react exam\\PixeledArt-toTrainee\\pixeled-art-ui\\src\\components\\ViewBooking.js":{"path":"C:\\Users\\anandita.wairya\\Desktop\\react exam\\PixeledArt-toTrainee\\pixeled-art-ui\\src\\components\\ViewBooking.js","statementMap":{"0":{"start":{"line":5,"column":17},"end":{"line":5,"column":54}},"1":{"start":{"line":6,"column":18},"end":{"line":6,"column":56}},"2":{"start":{"line":11,"column":4},"end":{"line":11,"column":17}},"3":{"start":{"line":12,"column":4},"end":{"line":18,"column":6}},"4":{"start":{"line":21,"column":22},"end":{"line":30,"column":3}},"5":{"start":{"line":32,"column":24},"end":{"line":41,"column":3}},"6":{"start":{"line":33,"column":24},"end":{"line":33,"column":34}},"7":{"start":{"line":34,"column":4},"end":{"line":34,"column":76}},"8":{"start":{"line":35,"column":4},"end":{"line":40,"column":9}},"9":{"start":{"line":36,"column":26},"end":{"line":36,"column":71}},"10":{"start":{"line":38,"column":8},"end":{"line":39,"column":60}},"11":{"start":{"line":38,"column":28},"end":{"line":38,"column":89}},"12":{"start":{"line":39,"column":13},"end":{"line":39,"column":60}},"13":{"start":{"line":43,"column":19},"end":{"line":48,"column":3}},"14":{"start":{"line":45,"column":14},"end":{"line":45,"column":32}},"15":{"start":{"line":46,"column":4},"end":{"line":46,"column":34}},"16":{"start":{"line":50,"column":19},"end":{"line":54,"column":3}},"17":{"start":{"line":52,"column":4},"end":{"line":52,"column":27}},"18":{"start":{"line":53,"column":4},"end":{"line":53,"column":31}},"19":{"start":{"line":56,"column":20},"end":{"line":97,"column":3}},"20":{"start":{"line":77,"column":4},"end":{"line":94,"column":1}},"21":{"start":{"line":79,"column":3},"end":{"line":93,"column":10}},"22":{"start":{"line":99,"column":27},"end":{"line":111,"column":3}},"23":{"start":{"line":114,"column":4},"end":{"line":139,"column":6}}},"fnMap":{"0":{"name":"(anonymous_0)","decl":{"start":{"line":10,"column":2},"end":{"line":10,"column":3}},"loc":{"start":{"line":10,"column":21},"end":{"line":19,"column":3}},"line":10},"1":{"name":"(anonymous_1)","decl":{"start":{"line":21,"column":22},"end":{"line":21,"column":23}},"loc":{"start":{"line":21,"column":37},"end":{"line":30,"column":3}},"line":21},"2":{"name":"(anonymous_2)","decl":{"start":{"line":32,"column":24},"end":{"line":32,"column":25}},"loc":{"start":{"line":32,"column":30},"end":{"line":41,"column":3}},"line":32},"3":{"name":"(anonymous_3)","decl":{"start":{"line":36,"column":12},"end":{"line":36,"column":13}},"loc":{"start":{"line":36,"column":24},"end":{"line":36,"column":73}},"line":36},"4":{"name":"(anonymous_4)","decl":{"start":{"line":37,"column":13},"end":{"line":37,"column":14}},"loc":{"start":{"line":37,"column":22},"end":{"line":40,"column":7}},"line":37},"5":{"name":"(anonymous_5)","decl":{"start":{"line":43,"column":19},"end":{"line":43,"column":20}},"loc":{"start":{"line":43,"column":30},"end":{"line":48,"column":3}},"line":43},"6":{"name":"(anonymous_6)","decl":{"start":{"line":50,"column":19},"end":{"line":50,"column":20}},"loc":{"start":{"line":50,"column":30},"end":{"line":54,"column":3}},"line":50},"7":{"name":"(anonymous_7)","decl":{"start":{"line":56,"column":20},"end":{"line":56,"column":21}},"loc":{"start":{"line":56,"column":26},"end":{"line":97,"column":3}},"line":56},"8":{"name":"(anonymous_8)","decl":{"start":{"line":77,"column":31},"end":{"line":77,"column":32}},"loc":{"start":{"line":79,"column":3},"end":{"line":93,"column":10}},"line":79},"9":{"name":"(anonymous_9)","decl":{"start":{"line":99,"column":27},"end":{"line":99,"column":28}},"loc":{"start":{"line":99,"column":33},"end":{"line":111,"column":3}},"line":99},"10":{"name":"(anonymous_10)","decl":{"start":{"line":113,"column":2},"end":{"line":113,"column":3}},"loc":{"start":{"line":113,"column":11},"end":{"line":140,"column":3}},"line":113}},"branchMap":{"0":{"loc":{"start":{"line":38,"column":8},"end":{"line":39,"column":60}},"type":"if","locations":[{"start":{"line":38,"column":8},"end":{"line":39,"column":60}},{"start":{"line":38,"column":8},"end":{"line":39,"column":60}}],"line":38}},"s":{"0":1,"1":1,"2":6,"3":6,"4":6,"5":6,"6":4,"7":4,"8":4,"9":0,"10":0,"11":0,"12":0,"13":6,"14":0,"15":0,"16":6,"17":4,"18":4,"19":6,"20":14,"21":8,"22":6,"23":14},"f":{"0":6,"1":0,"2":4,"3":0,"4":0,"5":0,"6":4,"7":14,"8":8,"9":0,"10":14},"b":{"0":[0,0]},"_coverageSchema":"43e27e138ebf9cfc5966b082cf9a028302ed4184","hash":"0c6168d65a80214a41e42b353d1101112be8e32c"},"C:\\Users\\anandita.wairya\\Desktop\\react exam\\PixeledArt-toTrainee\\pixeled-art-ui\\src\\index.js":{"path":"C:\\Users\\anandita.wairya\\Desktop\\react exam\\PixeledArt-toTrainee\\pixeled-art-ui\\src\\index.js","statementMap":{"0":{"start":{"line":13,"column":0},"end":{"line":13,"column":89}},"1":{"start":{"line":15,"column":0},"end":{"line":15,"column":24}}},"fnMap":{},"branchMap":{},"s":{"0":0,"1":0},"f":{},"b":{},"hash":"2a4edc0afe8a7f36bd4e1eaaee823edb39666a99"},"C:\\Users\\anandita.wairya\\Desktop\\react exam\\PixeledArt-toTrainee\\pixeled-art-ui\\src\\registerServiceWorker.js":{"path":"C:\\Users\\anandita.wairya\\Desktop\\react exam\\PixeledArt-toTrainee\\pixeled-art-ui\\src\\registerServiceWorker.js","statementMap":{"0":{"start":{"line":11,"column":20},"end":{"line":19,"column":1}},"1":{"start":{"line":22,"column":2},"end":{"line":52,"column":3}},"2":{"start":{"line":24,"column":22},"end":{"line":24,"column":70}},"3":{"start":{"line":25,"column":4},"end":{"line":30,"column":5}},"4":{"start":{"line":29,"column":6},"end":{"line":29,"column":13}},"5":{"start":{"line":32,"column":4},"end":{"line":51,"column":7}},"6":{"start":{"line":33,"column":20},"end":{"line":33,"column":65}},"7":{"start":{"line":35,"column":6},"end":{"line":50,"column":7}},"8":{"start":{"line":37,"column":8},"end":{"line":37,"column":39}},"9":{"start":{"line":41,"column":8},"end":{"line":46,"column":11}},"10":{"start":{"line":42,"column":10},"end":{"line":45,"column":12}},"11":{"start":{"line":49,"column":8},"end":{"line":49,"column":31}},"12":{"start":{"line":56,"column":2},"end":{"line":81,"column":7}},"13":{"start":{"line":59,"column":6},"end":{"line":77,"column":8}},"14":{"start":{"line":60,"column":33},"end":{"line":60,"column":56}},"15":{"start":{"line":61,"column":8},"end":{"line":76,"column":10}},"16":{"start":{"line":62,"column":10},"end":{"line":75,"column":11}},"17":{"start":{"line":63,"column":12},"end":{"line":74,"column":13}},"18":{"start":{"line":68,"column":14},"end":{"line":68,"column":71}},"19":{"start":{"line":73,"column":14},"end":{"line":73,"column":64}},"20":{"start":{"line":80,"column":6},"end":{"line":80,"column":72}},"21":{"start":{"line":86,"column":2},"end":{"line":108,"column":7}},"22":{"start":{"line":89,"column":6},"end":{"line":102,"column":7}},"23":{"start":{"line":94,"column":8},"end":{"line":98,"column":11}},"24":{"start":{"line":95,"column":10},"end":{"line":97,"column":13}},"25":{"start":{"line":96,"column":12},"end":{"line":96,"column":37}},"26":{"start":{"line":101,"column":8},"end":{"line":101,"column":31}},"27":{"start":{"line":105,"column":6},"end":{"line":107,"column":8}},"28":{"start":{"line":112,"column":2},"end":{"line":116,"column":3}},"29":{"start":{"line":113,"column":4},"end":{"line":115,"column":7}},"30":{"start":{"line":114,"column":6},"end":{"line":114,"column":32}}},"fnMap":{"0":{"name":"register","decl":{"start":{"line":21,"column":24},"end":{"line":21,"column":32}},"loc":{"start":{"line":21,"column":35},"end":{"line":53,"column":1}},"line":21},"1":{"name":"(anonymous_1)","decl":{"start":{"line":32,"column":36},"end":{"line":32,"column":37}},"loc":{"start":{"line":32,"column":42},"end":{"line":51,"column":5}},"line":32},"2":{"name":"(anonymous_2)","decl":{"start":{"line":41,"column":43},"end":{"line":41,"column":44}},"loc":{"start":{"line":41,"column":49},"end":{"line":46,"column":9}},"line":41},"3":{"name":"registerValidSW","decl":{"start":{"line":55,"column":9},"end":{"line":55,"column":24}},"loc":{"start":{"line":55,"column":32},"end":{"line":82,"column":1}},"line":55},"4":{"name":"(anonymous_4)","decl":{"start":{"line":58,"column":10},"end":{"line":58,"column":11}},"loc":{"start":{"line":58,"column":26},"end":{"line":78,"column":5}},"line":58},"5":{"name":"(anonymous_5)","decl":{"start":{"line":59,"column":35},"end":{"line":59,"column":36}},"loc":{"start":{"line":59,"column":41},"end":{"line":77,"column":7}},"line":59},"6":{"name":"(anonymous_6)","decl":{"start":{"line":61,"column":41},"end":{"line":61,"column":42}},"loc":{"start":{"line":61,"column":47},"end":{"line":76,"column":9}},"line":61},"7":{"name":"(anonymous_7)","decl":{"start":{"line":79,"column":11},"end":{"line":79,"column":12}},"loc":{"start":{"line":79,"column":20},"end":{"line":81,"column":5}},"line":79},"8":{"name":"checkValidServiceWorker","decl":{"start":{"line":84,"column":9},"end":{"line":84,"column":32}},"loc":{"start":{"line":84,"column":40},"end":{"line":109,"column":1}},"line":84},"9":{"name":"(anonymous_9)","decl":{"start":{"line":87,"column":10},"end":{"line":87,"column":11}},"loc":{"start":{"line":87,"column":22},"end":{"line":103,"column":5}},"line":87},"10":{"name":"(anonymous_10)","decl":{"start":{"line":94,"column":43},"end":{"line":94,"column":44}},"loc":{"start":{"line":94,"column":59},"end":{"line":98,"column":9}},"line":94},"11":{"name":"(anonymous_11)","decl":{"start":{"line":95,"column":41},"end":{"line":95,"column":42}},"loc":{"start":{"line":95,"column":47},"end":{"line":97,"column":11}},"line":95},"12":{"name":"(anonymous_12)","decl":{"start":{"line":104,"column":11},"end":{"line":104,"column":12}},"loc":{"start":{"line":104,"column":17},"end":{"line":108,"column":5}},"line":104},"13":{"name":"unregister","decl":{"start":{"line":111,"column":16},"end":{"line":111,"column":26}},"loc":{"start":{"line":111,"column":29},"end":{"line":117,"column":1}},"line":111},"14":{"name":"(anonymous_14)","decl":{"start":{"line":113,"column":39},"end":{"line":113,"column":40}},"loc":{"start":{"line":113,"column":55},"end":{"line":115,"column":5}},"line":113}},"branchMap":{"0":{"loc":{"start":{"line":12,"column":2},"end":{"line":18,"column":5}},"type":"binary-expr","locations":[{"start":{"line":12,"column":2},"end":{"line":12,"column":42}},{"start":{"line":14,"column":4},"end":{"line":14,"column":40}},{"start":{"line":16,"column":4},"end":{"line":18,"column":5}}],"line":12},"1":{"loc":{"start":{"line":22,"column":2},"end":{"line":52,"column":3}},"type":"if","locations":[{"start":{"line":22,"column":2},"end":{"line":52,"column":3}},{"start":{"line":22,"column":2},"end":{"line":52,"column":3}}],"line":22},"2":{"loc":{"start":{"line":22,"column":6},"end":{"line":22,"column":75}},"type":"binary-expr","locations":[{"start":{"line":22,"column":6},"end":{"line":22,"column":43}},{"start":{"line":22,"column":47},"end":{"line":22,"column":75}}],"line":22},"3":{"loc":{"start":{"line":25,"column":4},"end":{"line":30,"column":5}},"type":"if","locations":[{"start":{"line":25,"column":4},"end":{"line":30,"column":5}},{"start":{"line":25,"column":4},"end":{"line":30,"column":5}}],"line":25},"4":{"loc":{"start":{"line":35,"column":6},"end":{"line":50,"column":7}},"type":"if","locations":[{"start":{"line":35,"column":6},"end":{"line":50,"column":7}},{"start":{"line":35,"column":6},"end":{"line":50,"column":7}}],"line":35},"5":{"loc":{"start":{"line":62,"column":10},"end":{"line":75,"column":11}},"type":"if","locations":[{"start":{"line":62,"column":10},"end":{"line":75,"column":11}},{"start":{"line":62,"column":10},"end":{"line":75,"column":11}}],"line":62},"6":{"loc":{"start":{"line":63,"column":12},"end":{"line":74,"column":13}},"type":"if","locations":[{"start":{"line":63,"column":12},"end":{"line":74,"column":13}},{"start":{"line":63,"column":12},"end":{"line":74,"column":13}}],"line":63},"7":{"loc":{"start":{"line":89,"column":6},"end":{"line":102,"column":7}},"type":"if","locations":[{"start":{"line":89,"column":6},"end":{"line":102,"column":7}},{"start":{"line":89,"column":6},"end":{"line":102,"column":7}}],"line":89},"8":{"loc":{"start":{"line":90,"column":8},"end":{"line":91,"column":73}},"type":"binary-expr","locations":[{"start":{"line":90,"column":8},"end":{"line":90,"column":31}},{"start":{"line":91,"column":8},"end":{"line":91,"column":73}}],"line":90},"9":{"loc":{"start":{"line":112,"column":2},"end":{"line":116,"column":3}},"type":"if","locations":[{"start":{"line":112,"column":2},"end":{"line":116,"column":3}},{"start":{"line":112,"column":2},"end":{"line":116,"column":3}}],"line":112}},"s":{"0":0,"1":0,"2":0,"3":0,"4":0,"5":0,"6":0,"7":0,"8":0,"9":0,"10":0,"11":0,"12":0,"13":0,"14":0,"15":0,"16":0,"17":0,"18":0,"19":0,"20":0,"21":0,"22":0,"23":0,"24":0,"25":0,"26":0,"27":0,"28":0,"29":0,"30":0},"f":{"0":0,"1":0,"2":0,"3":0,"4":0,"5":0,"6":0,"7":0,"8":0,"9":0,"10":0,"11":0,"12":0,"13":0,"14":0},"b":{"0":[0,0,0],"1":[0,0],"2":[0,0],"3":[0,0],"4":[0,0],"5":[0,0],"6":[0,0],"7":[0,0],"8":[0,0],"9":[0,0]},"hash":"9692a8b9b10c042d116d98e19bee45a3943cedfc"},"C:\\Users\\anandita.wairya\\Desktop\\react exam\\PixeledArt-toTrainee\\pixeled-art-ui\\src\\serviceWorker.js":{"path":"C:\\Users\\anandita.wairya\\Desktop\\react exam\\PixeledArt-toTrainee\\pixeled-art-ui\\src\\serviceWorker.js","statementMap":{"0":{"start":{"line":13,"column":20},"end":{"line":21,"column":1}},"1":{"start":{"line":24,"column":2},"end":{"line":54,"column":3}},"2":{"start":{"line":26,"column":22},"end":{"line":26,"column":75}},"3":{"start":{"line":27,"column":4},"end":{"line":32,"column":5}},"4":{"start":{"line":31,"column":6},"end":{"line":31,"column":13}},"5":{"start":{"line":34,"column":4},"end":{"line":53,"column":7}},"6":{"start":{"line":35,"column":20},"end":{"line":35,"column":65}},"7":{"start":{"line":37,"column":6},"end":{"line":52,"column":7}},"8":{"start":{"line":39,"column":8},"end":{"line":39,"column":47}},"9":{"start":{"line":43,"column":8},"end":{"line":48,"column":11}},"10":{"start":{"line":44,"column":10},"end":{"line":47,"column":12}},"11":{"start":{"line":51,"column":8},"end":{"line":51,"column":39}},"12":{"start":{"line":58,"column":2},"end":{"line":98,"column":7}},"13":{"start":{"line":61,"column":6},"end":{"line":94,"column":8}},"14":{"start":{"line":62,"column":33},"end":{"line":62,"column":56}},"15":{"start":{"line":63,"column":8},"end":{"line":65,"column":9}},"16":{"start":{"line":64,"column":10},"end":{"line":64,"column":17}},"17":{"start":{"line":66,"column":8},"end":{"line":93,"column":10}},"18":{"start":{"line":67,"column":10},"end":{"line":92,"column":11}},"19":{"start":{"line":68,"column":12},"end":{"line":91,"column":13}},"20":{"start":{"line":72,"column":14},"end":{"line":75,"column":16}},"21":{"start":{"line":78,"column":14},"end":{"line":80,"column":15}},"22":{"start":{"line":79,"column":16},"end":{"line":79,"column":46}},"23":{"start":{"line":85,"column":14},"end":{"line":85,"column":64}},"24":{"start":{"line":88,"column":14},"end":{"line":90,"column":15}},"25":{"start":{"line":89,"column":16},"end":{"line":89,"column":47}},"26":{"start":{"line":97,"column":6},"end":{"line":97,"column":72}},"27":{"start":{"line":103,"column":2},"end":{"line":126,"column":7}},"28":{"start":{"line":106,"column":26},"end":{"line":106,"column":62}},"29":{"start":{"line":107,"column":6},"end":{"line":120,"column":7}},"30":{"start":{"line":112,"column":8},"end":{"line":116,"column":11}},"31":{"start":{"line":113,"column":10},"end":{"line":115,"column":13}},"32":{"start":{"line":114,"column":12},"end":{"line":114,"column":37}},"33":{"start":{"line":119,"column":8},"end":{"line":119,"column":39}},"34":{"start":{"line":123,"column":6},"end":{"line":125,"column":8}},"35":{"start":{"line":130,"column":2},"end":{"line":134,"column":3}},"36":{"start":{"line":131,"column":4},"end":{"line":133,"column":7}},"37":{"start":{"line":132,"column":6},"end":{"line":132,"column":32}}},"fnMap":{"0":{"name":"register","decl":{"start":{"line":23,"column":16},"end":{"line":23,"column":24}},"loc":{"start":{"line":23,"column":33},"end":{"line":55,"column":1}},"line":23},"1":{"name":"(anonymous_1)","decl":{"start":{"line":34,"column":36},"end":{"line":34,"column":37}},"loc":{"start":{"line":34,"column":42},"end":{"line":53,"column":5}},"line":34},"2":{"name":"(anonymous_2)","decl":{"start":{"line":43,"column":43},"end":{"line":43,"column":44}},"loc":{"start":{"line":43,"column":49},"end":{"line":48,"column":9}},"line":43},"3":{"name":"registerValidSW","decl":{"start":{"line":57,"column":9},"end":{"line":57,"column":24}},"loc":{"start":{"line":57,"column":40},"end":{"line":99,"column":1}},"line":57},"4":{"name":"(anonymous_4)","decl":{"start":{"line":60,"column":10},"end":{"line":60,"column":11}},"loc":{"start":{"line":60,"column":26},"end":{"line":95,"column":5}},"line":60},"5":{"name":"(anonymous_5)","decl":{"start":{"line":61,"column":35},"end":{"line":61,"column":36}},"loc":{"start":{"line":61,"column":41},"end":{"line":94,"column":7}},"line":61},"6":{"name":"(anonymous_6)","decl":{"start":{"line":66,"column":41},"end":{"line":66,"column":42}},"loc":{"start":{"line":66,"column":47},"end":{"line":93,"column":9}},"line":66},"7":{"name":"(anonymous_7)","decl":{"start":{"line":96,"column":11},"end":{"line":96,"column":12}},"loc":{"start":{"line":96,"column":20},"end":{"line":98,"column":5}},"line":96},"8":{"name":"checkValidServiceWorker","decl":{"start":{"line":101,"column":9},"end":{"line":101,"column":32}},"loc":{"start":{"line":101,"column":48},"end":{"line":127,"column":1}},"line":101},"9":{"name":"(anonymous_9)","decl":{"start":{"line":104,"column":10},"end":{"line":104,"column":11}},"loc":{"start":{"line":104,"column":22},"end":{"line":121,"column":5}},"line":104},"10":{"name":"(anonymous_10)","decl":{"start":{"line":112,"column":43},"end":{"line":112,"column":44}},"loc":{"start":{"line":112,"column":59},"end":{"line":116,"column":9}},"line":112},"11":{"name":"(anonymous_11)","decl":{"start":{"line":113,"column":41},"end":{"line":113,"column":42}},"loc":{"start":{"line":113,"column":47},"end":{"line":115,"column":11}},"line":113},"12":{"name":"(anonymous_12)","decl":{"start":{"line":122,"column":11},"end":{"line":122,"column":12}},"loc":{"start":{"line":122,"column":17},"end":{"line":126,"column":5}},"line":122},"13":{"name":"unregister","decl":{"start":{"line":129,"column":16},"end":{"line":129,"column":26}},"loc":{"start":{"line":129,"column":29},"end":{"line":135,"column":1}},"line":129},"14":{"name":"(anonymous_14)","decl":{"start":{"line":131,"column":39},"end":{"line":131,"column":40}},"loc":{"start":{"line":131,"column":55},"end":{"line":133,"column":5}},"line":131}},"branchMap":{"0":{"loc":{"start":{"line":14,"column":2},"end":{"line":20,"column":5}},"type":"binary-expr","locations":[{"start":{"line":14,"column":2},"end":{"line":14,"column":42}},{"start":{"line":16,"column":4},"end":{"line":16,"column":40}},{"start":{"line":18,"column":4},"end":{"line":20,"column":5}}],"line":14},"1":{"loc":{"start":{"line":24,"column":2},"end":{"line":54,"column":3}},"type":"if","locations":[{"start":{"line":24,"column":2},"end":{"line":54,"column":3}},{"start":{"line":24,"column":2},"end":{"line":54,"column":3}}],"line":24},"2":{"loc":{"start":{"line":24,"column":6},"end":{"line":24,"column":75}},"type":"binary-expr","locations":[{"start":{"line":24,"column":6},"end":{"line":24,"column":43}},{"start":{"line":24,"column":47},"end":{"line":24,"column":75}}],"line":24},"3":{"loc":{"start":{"line":27,"column":4},"end":{"line":32,"column":5}},"type":"if","locations":[{"start":{"line":27,"column":4},"end":{"line":32,"column":5}},{"start":{"line":27,"column":4},"end":{"line":32,"column":5}}],"line":27},"4":{"loc":{"start":{"line":37,"column":6},"end":{"line":52,"column":7}},"type":"if","locations":[{"start":{"line":37,"column":6},"end":{"line":52,"column":7}},{"start":{"line":37,"column":6},"end":{"line":52,"column":7}}],"line":37},"5":{"loc":{"start":{"line":63,"column":8},"end":{"line":65,"column":9}},"type":"if","locations":[{"start":{"line":63,"column":8},"end":{"line":65,"column":9}},{"start":{"line":63,"column":8},"end":{"line":65,"column":9}}],"line":63},"6":{"loc":{"start":{"line":67,"column":10},"end":{"line":92,"column":11}},"type":"if","locations":[{"start":{"line":67,"column":10},"end":{"line":92,"column":11}},{"start":{"line":67,"column":10},"end":{"line":92,"column":11}}],"line":67},"7":{"loc":{"start":{"line":68,"column":12},"end":{"line":91,"column":13}},"type":"if","locations":[{"start":{"line":68,"column":12},"end":{"line":91,"column":13}},{"start":{"line":68,"column":12},"end":{"line":91,"column":13}}],"line":68},"8":{"loc":{"start":{"line":78,"column":14},"end":{"line":80,"column":15}},"type":"if","locations":[{"start":{"line":78,"column":14},"end":{"line":80,"column":15}},{"start":{"line":78,"column":14},"end":{"line":80,"column":15}}],"line":78},"9":{"loc":{"start":{"line":78,"column":18},"end":{"line":78,"column":43}},"type":"binary-expr","locations":[{"start":{"line":78,"column":18},"end":{"line":78,"column":24}},{"start":{"line":78,"column":28},"end":{"line":78,"column":43}}],"line":78},"10":{"loc":{"start":{"line":88,"column":14},"end":{"line":90,"column":15}},"type":"if","locations":[{"start":{"line":88,"column":14},"end":{"line":90,"column":15}},{"start":{"line":88,"column":14},"end":{"line":90,"column":15}}],"line":88},"11":{"loc":{"start":{"line":88,"column":18},"end":{"line":88,"column":44}},"type":"binary-expr","locations":[{"start":{"line":88,"column":18},"end":{"line":88,"column":24}},{"start":{"line":88,"column":28},"end":{"line":88,"column":44}}],"line":88},"12":{"loc":{"start":{"line":107,"column":6},"end":{"line":120,"column":7}},"type":"if","locations":[{"start":{"line":107,"column":6},"end":{"line":120,"column":7}},{"start":{"line":107,"column":6},"end":{"line":120,"column":7}}],"line":107},"13":{"loc":{"start":{"line":108,"column":8},"end":{"line":109,"column":73}},"type":"binary-expr","locations":[{"start":{"line":108,"column":8},"end":{"line":108,"column":31}},{"start":{"line":109,"column":9},"end":{"line":109,"column":28}},{"start":{"line":109,"column":32},"end":{"line":109,"column":72}}],"line":108},"14":{"loc":{"start":{"line":130,"column":2},"end":{"line":134,"column":3}},"type":"if","locations":[{"start":{"line":130,"column":2},"end":{"line":134,"column":3}},{"start":{"line":130,"column":2},"end":{"line":134,"column":3}}],"line":130}},"s":{"0":0,"1":0,"2":0,"3":0,"4":0,"5":0,"6":0,"7":0,"8":0,"9":0,"10":0,"11":0,"12":0,"13":0,"14":0,"15":0,"16":0,"17":0,"18":0,"19":0,"20":0,"21":0,"22":0,"23":0,"24":0,"25":0,"26":0,"27":0,"28":0,"29":0,"30":0,"31":0,"32":0,"33":0,"34":0,"35":0,"36":0,"37":0},"f":{"0":0,"1":0,"2":0,"3":0,"4":0,"5":0,"6":0,"7":0,"8":0,"9":0,"10":0,"11":0,"12":0,"13":0,"14":0},"b":{"0":[0,0,0],"1":[0,0],"2":[0,0],"3":[0,0],"4":[0,0],"5":[0,0],"6":[0,0],"7":[0,0],"8":[0,0],"9":[0,0],"10":[0,0],"11":[0,0],"12":[0,0],"13":[0,0,0],"14":[0,0]},"hash":"62a0d8be2eee4e2dee0c150ba6551b9db51f7842"}}}